"feature","Magen-ALS-enrolment-bloodplasma-SRR13934207","Magen-ALS-enrolment-bloodplasma-SRR13934280","Magen-ALS-enrolment-bloodplasma-SRR13934368","Magen-ALS-enrolment-bloodplasma-SRR13934445","Magen-ALS-enrolment-bloodplasma-SRR13934332","Magen-ALS-enrolment-bloodplasma-SRR13934202","Magen-ALS-enrolment-bloodplasma-SRR13934244","Magen-ALS-enrolment-bloodplasma-SRR13934329","Magen-ALS-enrolment-bloodplasma-SRR13934241","Magen-ALS-enrolment-bloodplasma-SRR13934436","Magen-ALS-enrolment-bloodplasma-SRR13934226","Magen-ALS-enrolment-bloodplasma-SRR13934290","Magen-ALS-enrolment-bloodplasma-SRR13934441","Magen-ALS-enrolment-bloodplasma-SRR13934240","Magen-ALS-enrolment-bloodplasma-SRR13934404","Magen-ALS-enrolment-bloodplasma-SRR13934334","Magen-ALS-enrolment-bloodplasma-SRR13934448","Magen-ALS-enrolment-bloodplasma-SRR13934420","Magen-ALS-enrolment-bloodplasma-SRR13934333","Magen-ALS-enrolment-bloodplasma-SRR13934394","Magen-ALS-enrolment-bloodplasma-SRR13934406","Magen-ALS-enrolment-bloodplasma-SRR13934224","Magen-ALS-enrolment-bloodplasma-SRR13934373","Magen-ALS-enrolment-bloodplasma-SRR13934376","Magen-ALS-enrolment-bloodplasma-SRR13934243","Magen-ALS-enrolment-bloodplasma-SRR13934452","Magen-ALS-enrolment-bloodplasma-SRR13934421","Magen-ALS-enrolment-bloodplasma-SRR13934216","Magen-ALS-enrolment-bloodplasma-SRR13934217","Magen-ALS-enrolment-bloodplasma-SRR13934430","Magen-ALS-enrolment-bloodplasma-SRR13934278","Magen-ALS-enrolment-bloodplasma-SRR13934453","Magen-ALS-enrolment-bloodplasma-SRR13934387","Magen-ALS-enrolment-bloodplasma-SRR13934331","Magen-ALS-enrolment-bloodplasma-SRR13934239","Magen-ALS-enrolment-bloodplasma-SRR13934291","Magen-ALS-enrolment-bloodplasma-SRR13934279","Magen-ALS-enrolment-bloodplasma-SRR13934447","Magen-ALS-enrolment-bloodplasma-SRR13934210","Magen-ALS-enrolment-bloodplasma-SRR13934439","Magen-ALS-enrolment-bloodplasma-SRR13934405"
"hsa-miR-423-5p_5_GT",0,3.09238500193274e-05,3.80589914367269e-05,1.29988301052905e-05,4.01893723223831e-05,7.05965407695023e-06,2.38681998007005e-05,0.000125508308650033,7.37254709214455e-05,1.85491761847127e-05,1.40868879247197e-05,9.84424221211061e-05,1.65789822715416e-05,1.51915656427551e-05,0,2.89850031593653e-05,4.41083805923125e-05,2.83676676670997e-05,3.40760284875598e-05,2.46611151756282e-05,1.3841979956813e-05,6.9243172128634e-05,3.91642352203967e-05,3.94187054897117e-05,3.85522350658279e-05,3.96680576932231e-05,4.08119954617061e-05,5.17049714330033e-05,6.34506786338492e-05,0.000108649987686335,2.84105437209857e-05,4.49549326799883e-05,9.70145962869868e-05,2.23616453059712e-05,7.95798185580137e-05,3.62805209882814e-05,5.43271581463574e-05,9.08953188910771e-05,2.97694357203459e-05,1.48802880823773e-05,5.21825345057009e-05
"hsa-let-7i-5p_2_GT",0,2.53693137854314e-05,1.76106754383144e-05,1.81292981544374e-05,1.92914748941761e-05,1.98303695499534e-05,3.50999821103317e-05,2.60141492196375e-05,0.000109998166697222,1.9095752468126e-05,2.28333961251727e-05,0,1.78475816526861e-05,9.99850022496625e-06,4.42154672779013e-06,1.05553469617942e-05,7.29768643616497e-05,1.80846360969336e-05,1.94305955624186e-05,8.88027173631513e-06,1.19645848289064e-05,3.69726771915554e-05,8.9903802930864e-06,1.95693581540442e-05,2.00337011372464e-05,9.77060026380621e-06,1.06086725898422e-05,1.7417564676107e-05,1.6138498441828e-05,1.65309749142456e-05,1.15625449855266e-05,1.01831645813243e-05,1.23997557248122e-05,3.06987417353231e-05,3.00580119630888e-05,2.82517798621313e-05,1.44548358653387e-05,0,0,0,0
"hsa-let-7b-5p_2_GT",0,1.16096824751843e-05,9.73996248166452e-06,7.09901839936496e-05,1.56830763922651e-05,2.75052466257939e-06,1.09232792558188e-05,1.0459084063145e-05,4.50789557910681e-06,7.66397065210172e-06,0,1.08111614430738e-05,0,2.58433993373752e-05,4.97182219769457e-06,1.35873257425474e-05,9.4132412927518e-06,1.70457063570257e-05,2.15676710565173e-05,1.31698515757727e-05,0,1.66551468567574e-05,1.46634016159069e-05,1.35438695609271e-05,7.30030916809327e-06,7.13612879285245e-06,9.96230926328723e-06,1.7723478291693e-05,2.10252986906495e-05,2.80140294259365e-06,2.7728434643213e-05,9.47271699626459e-06,3.34001336005344e-06,5.48877545419617e-05,4.42634560906516e-05,1.98783445314674e-05,0,0,4.11277221411092e-05,0,1.22628668130035e-05
"hsa-miR-103a-3p_2_GT",0,0,6.81169909319256e-05,3.54145270389914e-05,1.52084315544538e-05,3.47801892042293e-05,3.44999425000958e-05,3.17547685077376e-05,0,5.69103377628546e-05,8.39419121967598e-05,0,2.86045280967977e-05,5.68052715291979e-05,2.4083038316114e-05,0,0,0,1.90826584433131e-05,2.20261891388861e-05,0,0,0,3.38097693328487e-05,0,5.52277685220129e-05,3.38696020321761e-05,4.67420772179116e-05,3.78343611668117e-05,2.77227173807577e-05,1.92553939172211e-05,2.67565687376251e-05,1.70624200199062e-05,3.7030179596371e-05,0,0,0,0,0,0,0
"hsa-miR-423-5p_2_GT",0,0.000108233475067646,5.43699877667528e-06,2.5997660210581e-05,3.21514978579065e-05,7.05965407695023e-06,1.19340999003503e-05,8.36722057666884e-06,1.22875784869076e-05,1.39118821385345e-05,2.81737758494393e-05,1.09380469023451e-05,6.63159290861665e-05,0,0,1.73910018956192e-05,1.89035916824197e-05,3.40412012005197e-05,2.92080244179084e-05,1.64407434504188e-05,0,1.9783763465324e-05,1.95821176101984e-05,1.31395684965706e-05,1.9276117532914e-05,2.38008346159339e-05,0,5.17049714330033e-06,1.15364870243362e-05,2.89733300496893e-05,5.68210874419715e-06,1.12387331699971e-05,8.81950875336244e-06,9.58356227398766e-06,0,2.41870139921876e-05,0,0,0,1.48802880823773e-05,0
"hsa-let-7f-5p_2_GT",0,6.18390946756539e-05,7.75229855652201e-06,1.2690999543124e-05,2.97472967144111e-05,1.59594311260775e-05,3.04254278504033e-05,2.05177808554449e-05,2.23078181466665e-05,1.20669716928956e-05,0,0,8.45868636600736e-06,0.000101848152239484,4.3842573594144e-05,2.00314493755196e-05,1.9059690184736e-05,1.31543836043763e-05,1.67266236473837e-05,1.25518661038649e-05,2.81988015509341e-05,0,0,2.0746141909143e-05,1.53707423043817e-05,1.32735492674328e-05,1.70156578083152e-05,1.26866523730383e-05,1.11432837714358e-05,1.14058574781079e-05,5.13773546281765e-05,1.86915451132124e-05,9.62230064397247e-06,9.86564228414283e-05,0,1.98326127484035e-05,0,3.14445632350167e-05,5.0621804498591e-05,0,0
"hsa-let-7i-5p_4_GT",0,6.08863530850354e-05,1.60793123567218e-05,3.02154969240624e-05,1.92914748941761e-05,1.54236207610749e-05,3.81193354101452e-05,0.000128831977087728,2.33329444509258e-05,5.09220065816693e-06,0,2.04645451754835e-05,8.1125371148573e-06,9.99850022496625e-06,6.27859635346198e-05,1.05553469617942e-05,3.94469537089998e-06,1.0047020053852e-05,1.90639805518069e-05,1.77605434726303e-05,0,1.23242257305185e-05,1.79807605861728e-05,1.52206118975899e-05,1.11298339651369e-05,9.77060026380621e-06,1.32608407373027e-05,6.69906333696423e-06,1.50625985457061e-05,9.4462713795689e-06,7.92034331508571e-05,1.52747468719864e-05,1.16247709920115e-05,1.53493708676616e-05,0,0,1.44548358653387e-05,0,0,2.92098729370527e-05,0
"hsa-let-7i-5p_5_GT",0,7.61079413562943e-06,4.59408924477767e-06,6.04309938481248e-06,1.01534078390401e-05,3.67229065739878e-06,5.28386827467359e-06,1.23876901045893e-06,1.66663888935184e-05,5.09220065816693e-06,1.14166980625863e-05,0,1.62250742297146e-06,4.99925011248313e-06,2.65292803667408e-06,4.52372012648321e-06,3.94469537089998e-06,0,4.03276511672839e-06,7.40022644692928e-06,0,1.23242257305185e-05,0,2.17437312822713e-06,0,8.37480022611961e-06,2.65216814746055e-06,2.67962533478569e-06,4.30359958448746e-06,4.72313568978445e-06,4.0468907449343e-06,4.07326583252971e-06,4.64990839680458e-06,0,0,1.41258899310657e-05,1.44548358653387e-05,0,0,0,0
"hsa-miR-191-5p_5_GT",0,0,3.88390993212867e-05,3.93607809178934e-05,5.3438785870785e-05,3.54289560858089e-05,5.52852720035383e-05,2.49740893822659e-05,2.89427223524645e-05,2.48681985476972e-05,5.7058085130663e-05,0,4.30691043779745e-05,0,2.87765643659803e-05,4.58166532080248e-05,0,2.4430166369433e-05,6.7312115058842e-05,0,0,0.000267522739432852,0.000196059209881384,2.21011569955687e-05,0,8.68677655439008e-05,9.80488283165016e-05,2.79111309590265e-05,6.31187457819684e-05,0,5.33788833137611e-05,0,3.75647992787559e-05,0,0,0,0,0,0,0,0
"hsa-miR-122-5p_2_GT",0,6.92880651307812e-05,2.29766212878396e-05,7.39426205264715e-05,0,0,0,0.00030543677458766,0.000121128921548835,4.37378354145253e-05,0,5.65642853102551e-05,2.66251314615866e-05,0,0,0,1.28740446386041e-05,5.25767883994574e-06,0,2.25947851235935e-05,5.18914431010326e-05,0,0,2.42540661941975e-05,3.91420072021293e-05,8.25559316436886e-05,2.19821285295055e-05,0,9.50389659760502e-05,0,0.000149048749587454,2.09187515689064e-05,1.04322063073119e-05,2.0612040179737e-05,0,4.78314419983976e-05,5.82852480037303e-05,0,1.91007372884593e-05,0,0
"hsa-miR-93-5p_5_GT",0,0,3.66405053458497e-06,0,5.09354291564584e-06,8.50730777738077e-06,7.24650808891465e-06,4.82562600433341e-06,1.86403713161966e-05,0,0,5.70092925146799e-05,0,0,7.06903620760346e-06,0,1.02595670462706e-05,0,8.12515996408679e-06,6.85480830528574e-06,0,0,3.15238635647185e-05,1.11431373131667e-05,1.2475828083089e-05,1.25112601341207e-05,0,1.99848115432271e-05,4.72642283051284e-06,7.54511981650269e-06,3.01523068399252e-05,4.77621064999451e-06,4.65876850113441e-06,0,0,0,0,0,0,0,0
"hsa-let-7a-5p_5_GT",0,3.45529235612547e-05,1.82332026620476e-06,8.63505660279603e-06,7.18577676091052e-06,4.09086632276117e-06,4.77362286947244e-06,1.94497661165624e-06,0,3.12783133899332e-06,8.62768105188687e-06,0,0,0,2.95808395042251e-06,4.14890417068592e-06,1.04727394591877e-05,7.33461811393963e-06,1.38122787013972e-06,1.30034446124778e-06,0,0,0,6.17855085179047e-06,2.98997461511552e-06,0,2.43151634222134e-06,6.53302279698305e-06,7.34941314936002e-06,0,2.12446609511447e-06,2.6299974883524e-05,0,3.4083976100316e-06,0,0,0,0,0,0,0
"hsa-let-7a-5p_2_GT",0,3.8392137290283e-05,0.000147688941562585,1.72701132055921e-05,1.14972428174568e-05,0.000304769541045707,9.54724573894489e-06,1.94497661165624e-05,1.63347090788313e-05,1.04261044633111e-05,2.58830431556606e-05,2.52168650393383e-05,1.64902212987698e-05,7.99034766002669e-06,1.38043917686384e-05,1.45211645974007e-05,1.04727394591877e-05,9.16827264242453e-06,1.4502892636467e-05,4.03106782986813e-05,7.53931754097619e-06,1.16437478895707e-05,2.85646274696501e-05,1.08124639906333e-05,0.000284047588435974,2.29107671441271e-05,2.1883647079992e-05,9.79953419547458e-06,1.25989939703315e-05,1.47261428304956e-05,1.16845635231296e-05,1.18349886975858e-05,6.86666987111261e-06,1.02251928300948e-05,0,2.02318570821616e-05,2.16295719507711e-05,1.88196326407709e-05,7.94356888662938e-05,2.59645843070052e-05,8.5219525497682e-06
"hsa-let-7f-5p_5_GT",0,6.18390946756539e-05,1.9380746391305e-06,0,9.91576557147036e-06,3.98985778151938e-06,3.90363979967439e-05,2.93111155077784e-06,7.43593938222216e-06,6.03348584644779e-06,0,0,8.45868636600736e-06,7.83447324919109e-06,4.47194250660269e-05,2.50393117193995e-06,0,7.51679063107216e-06,1.79213824793396e-06,3.04831033951005e-05,1.4099400775467e-05,0,0,8.29845676365719e-06,5.12358076812723e-06,2.65470985348656e-06,3.40313156166304e-06,8.45776824869222e-06,3.42870269890333e-06,4.27719655429046e-06,3.21108466426103e-06,3.50466470872732e-06,0,6.16602642758927e-06,0,0,0,0,0,4.68977160812268e-05,0
"hsa-miR-122-5p_3_GT",0,0,1.14883106439198e-05,0,8.34028356964137e-06,0,0,0,0,0,0,6.28492059002835e-06,0,0,2.25626678098418e-05,2.70765453938284e-05,1.71653928514721e-05,2.62883941997287e-05,0,2.25947851235935e-05,0,0,0,0,0,0.000165111863287377,1.53874899706539e-05,4.59347726228755e-05,0,3.56811532148719e-05,3.19390177687402e-05,0,1.04322063073119e-05,1.03060200898685e-05,0,3.58735814987982e-05,5.82852480037303e-05,9.43218260705527e-05,0,0,0
"hsa-miR-744-5p_4_GT",0,0,5.88650812338121e-05,0.000154416306361952,0,0,8.62589493659967e-05,0,0.00011768859597505,5.05331244630856e-05,0,0,0,0,0,4.85554746297645e-05,7.33299112708074e-05,0.000108542277216976,0,0,0,0.000349772647778944,0,0,0,4.17763295316873e-05,0,0,3.63015936399608e-05,0,7.74373402854857e-05,5.33788833137611e-05,0,0,0,0,0,0,0,0,0
"hsa-miR-744-5p_5_GT",0,0,0,0.000154416306361952,0,0,0,6.86106346483705e-05,0,5.05331244630856e-05,0,0,5.05305709954522e-05,0,0,0,0,0,2.70153447157986e-05,0,0,0,0,9.27213722763097e-05,0,0,0,6.97301443413988e-05,0.000108904780919882,9.40468353239913e-05,0,0,0,0,0,0,0,0,0,0,0
"hsa-miR-103a-3p_5_GT",0,0.000172805371778414,1.70292477329814e-05,0.000141658108155966,3.04168631089076e-05,2.6085141903172e-05,1.14999808333653e-05,1.05849228359125e-05,3.02142188113726e-05,1.42275844407137e-05,0.00016788382439352,0,5.72090561935954e-05,5.68052715291979e-05,0,1.44751317236987e-05,0,5.66861289042571e-05,1.14495950659878e-05,3.30392837083292e-05,0,0,0,1.69048846664244e-05,0,9.20462808700215e-06,0,3.1161384811941e-05,2.52229074445411e-05,2.77227173807577e-05,5.29523332723579e-05,0.000401348531064376,0.000528935020617091,0,0,0,0.000114982177762447,0,0,0,0
"hsa-miR-16-5p_3_GT",0,0.000106238564598949,2.04383423302115e-05,1.48709941259573e-05,0.000129355770218497,2.25606559349566e-05,5.45643313466577e-05,2.51101466239408e-05,1.44586575343032e-05,2.47026984495855e-05,2.52686052740633e-05,3.47618523432385e-05,6.01225184195669e-05,3.3881630133067e-05,2.74576922724901e-05,2.82394137497706e-05,2.62296332858815e-05,2.57589857755592e-05,2.86467578520252e-05,6.49814802781207e-05,0.000219657080279888,2.69194704042856e-05,2.60930178811724e-05,1.66880616174583e-05,3.15203306132455e-05,3.07317223081572e-05,2.66732375975796e-05,2.62690439245589e-05,3.41350810494831e-05,2.19098668650997e-05,2.17823462109036e-05,2.00794674452775e-05,2.27229691346336e-05,0.000109948393405033,0,2.18219709058573e-05,1.37835025258268e-05,3.43811563758135e-05,2.29847483425443e-05,4.4376646789627e-05,1.78111519184392e-05
"hsa-miR-486-5p_5_GT",0,0.000117449294937201,0,3.85996062840159e-05,1.35006058396871e-05,7.96949278163191e-06,0,0,2.16183496551873e-05,5.91030520816095e-06,2.10084916323178e-05,0.00036641895741258,0,6.83424228755758e-06,1.12463168312378e-05,3.0030210391654e-06,2.38075398478698e-05,8.80426038159865e-06,0,7.19717870594727e-05,1.70322932279602e-05,0,0,6.05977972700692e-06,4.99532936704182e-06,1.9313221831666e-05,0.000236761855455309,2.82167927539276e-05,3.80098065300848e-05,3.0185580951691e-06,1.40607424071991e-05,1.16441546343735e-05,9.80358517109707e-06,1.09539269406777e-05,4.70167849922422e-05,1.48621535260459e-05,2.70687274991203e-05,1.68645439827307e-05,7.3393687408946e-06,7.70463510848126e-06,0
"hsa-miR-146a-5p_2_GT",0,0,4.11723129919234e-05,2.6663111585122e-05,0,1.34379703289615e-05,4.6866066156139e-06,2.77560355499303e-05,0,0,0,0.000134698275862069,0,9.89087072631961e-05,0,8.46302925669214e-06,0,2.17651539884645e-05,1.48102803092387e-05,1.32622476857378e-05,0,0,0,0,0,1.64919890163353e-05,0,4.84408113835907e-05,1.61565505118395e-05,0,9.46503615643812e-06,4.50223310762138e-05,0,0.000235312573535179,0.000371747211895911,9.29886553840431e-05,0,0,0,0,0
"hsa-miR-126-3p_3_GT",0,0.00041282737210608,0,1.13012227923061e-05,1.59527797718752e-05,1.52803174231273e-05,9.86998758849061e-06,1.19649856659472e-05,3.23841188281267e-05,4.48333990889853e-06,2.49987500624969e-05,6.1038881767686e-05,5.08453031651201e-06,0,3.9980969058728e-06,0,0,0,9.76568857870168e-06,2.16403375892664e-05,0,0,0,0,3.22591051324236e-05,6.56348862547421e-06,0,3.4256253907354e-05,0.000164454173900853,0.000347904045388097,0,3.32962634933108e-06,0,7.05703851378769e-05,0,0,0,0,0,0,3.07068721979979e-05
"hsa-miR-30d-5p_2_GT",0,0,0,0,0,0,1.15417464970799e-05,4.4064510443289e-05,8.48680302130188e-05,0,0.000205521682537508,0,0,0,0,0,0,3.55935219789998e-05,0,5.23341009001465e-05,0,0,0,3.96212211260351e-05,0,0,0,0,0,0,0,0,2.71370420624152e-05,0,0,0.000142247510668563,0,0,0,0,0
"hsa-miR-92a-3p_5_GT",0,8.08554506680682e-05,2.94374503243026e-05,4.36205016357688e-05,3.0782964707331e-05,0.000507918080069657,2.32800414384738e-05,0,2.90545644720786e-05,1.13104259506413e-05,3.85475291033845e-05,0.00187698655121429,0.00226023526994401,0.00221960097916112,1.59843992263551e-05,6.74718305107618e-06,1.43326023706124e-05,2.16134435618955e-05,1.21700397960301e-05,8.77751201421957e-05,9.89584621854976e-05,0,0,1.46534102148923e-05,0,1.59174837641666e-05,1.30671126907798e-05,2.63688741809168e-05,7.09270161004327e-05,4.09182045091861e-05,1.85692400538508e-05,0.000637660527330427,1.41204046907984e-05,4.19675590768336e-05,0,4.99875031242189e-05,2.58765687669815e-05,6.91085003455425e-05,1.83629435798558e-05,0,0.000100811532839357
"hsa-let-7b-5p_5_GT",0,0,0,0,0.000150949610275552,2.75052466257939e-06,2.18465585116377e-06,6.27545043788699e-05,0,0,9.86689557864409e-06,0,3.09507449844318e-06,0,7.45773329654185e-06,5.43493029701894e-06,3.13774709758393e-06,5.11371190710772e-06,9.95430971839258e-06,0,0,0,0,1.16090310522232e-05,1.46006183361865e-05,0,0,2.9539130486155e-06,3.50421644844159e-06,2.80140294259365e-06,1.55972444868073e-05,9.47271699626459e-06,3.34001336005344e-06,1.56822155834176e-05,4.42634560906516e-05,0,0,0,0,0,1.22628668130035e-05
"hsa-miR-223-3p_2_GT",0,0,0,1.83546859513234e-05,0,0.000334213428695565,1.05627015165399e-05,0.000117705142079915,0,0,0,0,1.40433659139423e-05,1.96193839513439e-05,0,2.58172782134443e-05,0,1.66060545674953e-05,1.6855092555527e-05,1.60438960997289e-05,0,0.000141412713002899,0,1.1049113308657e-05,0,4.36326826245931e-06,0,3.64846992292607e-05,0,0,7.83379813868956e-06,9.75609756097561e-06,0,1.98688654877806e-05,0,0,0,0,0,0,3.17621649091602e-05
"hsa-miR-328-3p_3_GT",0,0,0,0,9.45090256119459e-05,0,0,5.50206327372765e-05,0,0,0,0,0,0,0,0,0,0,0,0,0,0,0,0,0.000161969549724652,0,0,0,0,0,9.04213635541624e-05,0,7.60919190381981e-05,0,0,0,0,0,0,0,0
"hsa-let-7a-5p_4_GT",0,5.37489922063961e-05,1.64098823958428e-05,2.59051698083881e-05,2.58687963392779e-05,1.84088984524253e-05,6.20570973031418e-05,1.555981289325e-05,1.08898060525542e-05,8.34088357064885e-06,0,0,4.12255532469246e-06,3.19613906401068e-05,8.87425185126754e-06,1.86700687680866e-05,0.000704291728630375,0.000243876052288493,2.27902598573053e-05,1.69044779962212e-05,2.26179526229286e-05,0,0,4.63391313884285e-06,5.97994923023104e-06,1.83286137153016e-05,9.72606536888534e-06,0.00107141573870522,1.78485747913029e-05,1.63623809227728e-05,1.27467965706868e-05,6.31199397204576e-05,0.000173955636734853,1.02251928300948e-05,0,0,0,1.88196326407709e-05,3.17742755465175e-05,0,0
"hsa-miR-206_2_GT",0,0,0,0,0.000432338953739732,0.00019466614755694,0,0,0,0,0,0,0,0,0,0,0.000268961807423346,0.000102254716498799,0,0,0,0,0,0,0,0,0,0,0,0,0,0,0,0,0,0,0,0,6.51975485721737e-05,0,0
"hsa-miR-24-3p_2_GT",0,0.000508517670989067,0,0.000118189339321593,0,7.09521782318717e-05,0,0,0,0,0,0,0,0,0,0,0,0.0002920134326179,0,0,0,0,0,0,0,0.000108477518034387,0,0,0,6.4143681847338e-05,0,0,0.000109493047191503,0,0,0,0,0,0,0.00112107623318386,0
"hsa-miR-221-3p_2_GT",0,0,0,0,0.0006239791517554,2.21862312249018e-05,2.0351676978183e-05,0,7.54204691153179e-05,0,0,0,0,0,4.08046680540254e-05,3.85000385000385e-05,0,0,9.86465690723277e-06,0.000317570298516081,0.000547645125958379,0,0,2.21366272634701e-05,0,4.52324950244255e-05,0,0,1.26300899262403e-05,0,5.41286638339333e-05,0,0,0,0,0,0,0,0,0,0
"hsa-miR-320a-3p_5_GT",0,0,0,0,8.40477391158178e-05,0,0,0,0,0,0,0,0,0,0,0,0,0,0,0,0,0,0,0,6.97690643968464e-05,5.93718458706881e-05,0.000178284899269032,0,0,0,0,0,0,0,0,0,0,0,0,0,0
"hsa-let-7d-5p_2_GT",0,0,0,0,0,0,2.9966138263762e-05,0,0,0,0,0,0,0,0,0,0,0.000183722212015433,0,0,0,0,0,5.1242633871381e-05,0.000109709270433352,0,0,0,0,6.93914370966623e-05,0,0,0,0,0,0,0,0,0,0,0
"hsa-miR-1307-3p_5_GT",0,0.000668002672010688,0,0,0,0,0,0.000921234454168586,0,0,0,0,0,0,0,0,0,0,0,0,0,0,0,0.000116618075801749,0,0,0,0,0,0,0.000163425396306586,0,9.70026190707149e-05,0,0,0,0,0,0,0,0
"hsa-miR-143-3p_2_GT",0,0,9.51203272139256e-05,0,0,0,1.74447003000488e-05,0.000130718954248366,0,0,0,0,0,0,0,0,0.000583090379008746,0.000193012931866435,6.3023886052814e-05,0,0,0,0,0,0,0,0,0,0,0,0,0,0,0,0,0,0,0,0,0,0
"hsa-miR-423-5p_4_GT",0,0,5.43699877667528e-06,2.5997660210581e-05,2.41136233934298e-05,1.41193081539005e-05,2.38681998007005e-05,1.67344411533377e-05,1.22875784869076e-05,1.85491761847127e-05,0,2.18760938046902e-05,1.10526548476944e-05,1.51915656427551e-05,8.59978328546121e-06,0,6.30119722747322e-06,1.13470670668399e-05,1.46040122089542e-05,1.64407434504188e-05,1.3841979956813e-05,9.891881732662e-06,0,1.97093527448559e-05,6.42537251097132e-06,0,8.16239909234122e-06,5.17049714330033e-06,1.73047305365043e-05,0,1.13642174883943e-05,0,1.76390175067249e-05,9.58356227398766e-06,0,0,0,1.51492198151795e-05,0,2.97605761647546e-05,0
"hsa-miR-24-3p_3_GT",0,0,0,0,0,0,0.000232193649503686,0,0,0,0,0,0,0,0,0,0,7.30033581544751e-05,7.41207426898418e-05,0,0.000716845878136201,0,0,7.95481664147641e-05,0,0,0,0,0,6.4143681847338e-05,0,0,0,0,0,0,0,0,0,0,0
"hsa-miR-148a-3p_4_GT",0,0,0,0,0,0,0,1.17669208321566e-05,0.000136780194227876,0,0,0,0,0,2.35982631678308e-05,3.30076577766042e-05,0,0,0,0,0,0,0,0,0,0,0,2.92671505502224e-05,0,0,0,0,0,0,0,0,0,0,0,0,0
"hsa-miR-423-3p_2_GT",0,0,9.49667616334283e-05,0,0.000146434324205594,0,4.87900078064012e-05,0,0,0,0,0,0,0,0,0,0,0,0,0,0,0,0,0,0,0,0,0,0,0,0,0,0,0,0,0,0,0,0,0,0
"hsa-miR-134-5p_2_GT",0,0.000109950522264981,0,0,0,4.11302595319376e-05,2.53363399123363e-05,3.83906633906634e-05,0,0,0,0,0,0,9.09918107370337e-05,0,0,0,0,0,0,0,0,0,0,0,0,0,2.49214972835568e-05,0,0,0.000115353558657285,3.16786517565812e-05,0,0,0,0,0.000736919675755343,0,0,0
"hsa-miR-134-5p_4_GT",0,0,0,0,0,0,0.000582735817983734,0,0,0.000164338537387017,0,0,0,0,0,0,0,0,0,0,0,0,0,0,0,6.89560060681285e-05,0,0,2.49214972835568e-05,0,0,0.000115353558657285,2.11191011710542e-05,0,0,0,0,0,0,0,0
"hsa-let-7d-5p_4_GT",0,0.000474533375514078,0,0,0,0,0.000239729106110096,0,0,0,0,0,0,0,0,0,0,0,0,3.06710833026623e-05,0,0,0,0,0,0,0,0,0,0,0,0,7.45879018423212e-05,0,0,0,0,0,0,0,0
"hsa-miR-584-5p_5_GT",0,0,0,0,0,0,0,0,0,0,0,0,0,0,0.000144175317185698,0.000137419266181119,0,0,0,0,0,0,0,0,0,0,0,0,0,0,0,0,0,0,0,0,0,0,0,0,0
"hsa-let-7d-5p_5_GT",0,0,0,0,0,0,0,0,0,0,0,0,0,0,0,0,0,0,2.27915033275595e-05,3.06710833026623e-05,0,0,0,0,0,0,0,0,0,0,0,0,0,0,0,0,0,0,0,0,0
"hsa-miR-1-3p_2_GT",0,4.72165824637613e-05,0.000192344681669552,2.51939937518895e-05,0,0,0,0,2.7747717750215e-05,0,0.0283494330113398,0.00773563947953031,3.6068530207394e-05,2.89259784212201e-05,0.00349136346931275,2.94412059117941e-05,4.44632178030724e-05,2.83760392724384e-05,0.000185571793087451,0,6.50999283900788e-05,6.15700359158543e-05,0,0,0.00021491510853213,2.91494199265435e-05,7.2928821470245e-05,4.51283902703191e-05,0,0,4.35786813091036e-05,0,5.18054188468114e-05,1.60978750804894e-05,0,7.22940342962899e-05,2.33040479131225e-05,0,1.50788624506167e-05,9.25583117363939e-05,0
"hsa-let-7b-5p_4_GT",0,0.000104487142276659,3.89598499266581e-06,0.00198772515182219,2.15642300393645e-05,5.50104932515877e-06,1.31079351069826e-05,1.39454454175266e-05,2.2539477895534e-05,2.29919119563052e-05,1.97337911572882e-05,1.08111614430738e-05,1.54753724922159e-05,2.06747194699002e-05,4.97182219769457e-06,8.15239544552841e-06,2.51019767806715e-05,1.36365650856206e-05,8.29525809866048e-06,1.05358812606182e-05,1.44570300923081e-05,0,7.33170080795343e-06,9.67419254351936e-06,1.46006183361865e-05,1.07041931892787e-05,2.65661580354326e-05,1.1815652194462e-05,1.22647575695456e-05,1.68084176555619e-05,2.59954074780122e-05,1.89454339925292e-05,2.67201068804275e-05,1.25457724667341e-05,0,9.93917226573371e-06,1.20749613601236e-05,2.22202470891476e-05,2.05638610705546e-05,0.000172841834008988,0
"hsa-let-7c-5p_2_GT",0,0.00023551577955723,0,0,0,0.000133958472873409,0,0,0,0,0,0,0,0,0,0,0,0,0,0,0,0,0,0,0,0,0,0,0,0,0,0,0,0,0,0,0,0,0,0,0
"hsa-miR-17-5p_5_GT",0,0,0,0,0,0,0,0,0,0,0,0,0,0,0.000337609723160027,0,0,0,0,0,0,0,0,0,0,0.000173340266944011,0,0,0,0,0,0,0,0,0,0,0,0,0,0,0
"hsa-miR-151a-3p_4_GT",0.000698934125458675,2.16370599562931e-05,1.93211824563663e-05,0,7.12263395003472e-05,2.15416651707177e-05,2.45477084714142e-05,0,1.5918243899333e-05,1.26347176772335e-05,2.52327723246953e-05,0,2.64022917189212e-05,1.67131850316715e-05,0,1.02225448003026e-05,7.35330163243296e-05,4.86280802849606e-05,9.25836303724808e-05,1.81386152981081e-05,0,0,0,2.94362227438975e-05,8.80540064572938e-05,3.84896655248066e-05,0,4.82262389320782e-05,1.77215100144253e-05,3.12031952071892e-05,2.9317584361349e-05,1.18127908899757e-05,1.78691087781997e-05,0,0,0,0,0,0,0,0
"hsa-let-7c-5p_4_GT",0,0.00023551577955723,0,0,0,0,0,0,0,0,0,0,0.000118385225523855,0,0,0,0,0,0,0,0,0,0,0,0,0,0,0,0,0,0,0,0,0,0,0,0,0,0,0,0
"hsa-miR-328-3p_4_GT",0,0,0,0,0,0.000151343170639425,0,0,0,0,0.000358937544867193,0,0,0,0,0,0,0,3.48577802565533e-05,0,0,0,0,0,0,0,0,0,4.65397682319542e-05,0,0,0,0,0,0,0,0,0,0,0,0.00164563905650027
"hsa-miR-206_3_GT",0,0,0,0,0,0.0307572513139965,0,0,0,0,0,0,0,3.31873091729723e-05,0,0,0.000537923614846692,0,0,0,0,0.00700729927007299,0,0.000227453656317525,0.000319386777387416,0,0,0.000245821042281219,0,0,0,0,0.000239750659314313,0,0,0,0,0,0,0,0
"hsa-miR-21-5p_3_GT",0,0.000964391691394659,0,0,3.78157616094388e-05,0,0.000255879300786118,1.78453521780252e-05,0,4.64835215915958e-05,0,0.000254517688979384,3.48517059910083e-05,0,0.00136635850921565,0,7.13368526180625e-05,0,9.61205736475835e-06,0,0,0,0.012238452427951,4.7327196573511e-05,0,0,0,3.00444658093979e-05,0.000894928131791865,1.44023735111546e-05,1.60945069447797e-05,0,6.67378537106247e-05,0,0,0,0,0,0,0,0
"hsa-miR-744-5p_2_GT",0,0.00215610176800345,0,0,0,0,0,0,0.00011768859597505,0,0,0,0,0,0,0,0,0,2.70153447157986e-05,0,0,0,0,0,0,4.17763295316873e-05,0,0,3.63015936399608e-05,0.000188093670647983,5.16248935236571e-05,0,0,0,0,0,0,0,0,0,0
"hsa-miR-122-5p_5_GT",0,0,0.000907576540869665,0,0,0,0,0,0,0,0,0,0,0,0,9.02551513127612e-06,6.43702231930206e-06,5.25767883994574e-06,0,0,0,0,0,0,0,0,2.19821285295055e-06,0,0,0,1.06463392562467e-05,0,1.04322063073119e-05,1.03060200898685e-05,0,0,0,9.43218260705527e-05,0,0,0
"hsa-miR-382-5p_4_GT",0,0,0,0,0,0,0,0,0,0.000102040816326531,0,0,0,0,0,0,0,0,1.65922779538403e-05,0,0,0,0,0,0,0,0,0,0,0,0,0,0,0,0,0,0,0,0,0,0
"hsa-miR-6130_6_GT",0,0,0,0,0,0,0.0303867403314917,0,0,0,0,0,0,0.00233918128654971,0,0,0,0,0,0,0,0,0,0,0,0,0,0,0,0,0,0,0,0,0,0,0,0,0,0,0
"hsa-miR-326_6_GT",0.017911751856706,0,0,0,0,0,0,0,0,0,0,0,0,0,0,0,0,0,0,0,0,0,0,0,0,0,0,0.00149700598802395,0,0,0,0,0.00154083204930663,0,0,0,0,0,0,0,0
"hsa-miR-25-3p_5_GT",0,3.25955865575801e-05,4.28798078984606e-05,0.0140867981000716,4.17205557178022e-05,0,1.41049691806423e-05,0,2.23763705526964e-05,0,0,0,2.31080300404391e-05,6.00612624877375e-05,0,3.59295421678089e-05,0,6.44957400563693e-06,0,0,7.48446972531996e-05,0,0,2.53620431661975e-05,0,4.71142520612485e-05,3.52038301767232e-05,0,8.40866092074837e-06,1.34665625252498e-05,1.88359389715577e-05,0,0,0,0,0,0,8.93814801573114e-05,0,0,0
"hsa-miR-30e-5p_2_GT",0,0,0.000734214390602056,0,0,0,0,0,0,0,0,0,0,0,0,0,0,0,0,0,0,0,0,0,0,0,0,0,0,0,0,0,0,0,0,0,0,0,0,0,0
"hsa-let-7c-5p_5_GT",0,0,0,0,0,0,0,0,0,0.000219250164437623,0,0,0,0,0,0,0,0,0,0,0,0,0,0,0,0,0,0,0,0,0,0,0,0,0,0,0,0,0,0,0
"hsa-miR-6134_7_GT",0,0,0,0,0,0,0,0,0,0,0,0,0,0,0,0,0,0,0.00181488203266788,0,0,0,0,0,0,0,0,0,0,0,0,0,0,0,0,0,0,0,0,0,0
"hsa-miR-324-5p_2_GT",0,0,0.00149476831091181,0,0,0,0,0,0,0,0,0,0,0,0,0,0,0,0,0,0,0,0,0,0,0,0,0,0,0,0,0,0,0,0,0,0,0,0,0,0
"hsa-miR-744-5p_6_GT",0.00778778291555123,0,0,0.000154416306361952,0,5.65259171330055e-05,0,0,0,0.000101066248926171,0,0,0,0,0,0,0,0,0,0,0.000566251415628539,0,0,0,0,4.17763295316873e-05,0,0,3.63015936399608e-05,0,0.000103249787047314,0,0,0,0,0,0,0,0.0813458262350937,0,0
"hsa-miR-196b-5p_3_GT",0,0,0,0,0,0,0.000578368999421631,0,0,0,0,0,0.000698324022346369,0,0,0,0,0,0,0,0,0,0,0,0,0,0,0,0,0,0,0,0,0,0,0,0,0,0,0,0
"hsa-miR-1-3p_3_GT",0,0.000566598989565135,0,2.51939937518895e-05,0,0,0,0,0,8.59328005499699e-05,0,1.98349730244367e-05,0,0,6.12519906896974e-05,5.88824118235883e-05,2.22316089015362e-05,0,0,0.000399201596806387,0,2.05233453052848e-05,0,0,3.5819184755355e-05,0,3.64644107351225e-05,0,7.97829902664752e-05,0,4.35786813091036e-05,0.000164527805199079,0,8.04893754024469e-06,0,0,0,0,0,0,0
"hsa-miR-9-5p_6_GT",0,0,0,0,0,0,0,0,0,0,0,0,0,0,0,0,0,0,0,0,0,0,0,0,0,0,0,0.000434404865334492,0,0,0,0,0,0,0,0,0.0267354596622889,0,0,0,0
"hsa-miR-423-3p_6_GT",0.0170442286947141,0,0,0,0,0,4.87900078064012e-05,0.000276395798783858,0,0,0,0,0,0,0,0,0,0,0,0,0,0,0,0.000143287003868749,0,0,0,0,0,0,0,0,0,0.000127599846880184,0,0,0,0,0,0,0.000770416024653313
"hsa-miR-27b-3p_7_GT",0.000413992962119644,0,0,0,0,0,0,0,0,0,0,0,0,0,8.27266710787558e-05,0.000102569362531412,0,0.000161903990933377,0,0,0,0,0,0.0418781725888325,0.00314095013741657,0,0.000267737617135208,0,0,0,0,0,0.000137193030594046,0,0,0,0,0.000564334085778781,0,0,0
"hsa-miR-326_7_GT",0.00742682394058541,0,0,0,0,0,0,0,0,0,0,0,0,0,0,0.000816548720740337,0,0,0,0,0,0,0,0,0,0,0,0,0,0,0,0,0,0,0,0,0,0,0,0,0
"hsa-miR-432-5p_6_GT",0.0157232704402516,0.000161407473166008,2.63414377156705e-05,0,4.062398440039e-05,0,0,6.71930119267596e-05,0,0,0,0,0,0,0,1.91157073767515e-05,0,0,0,0,0,0,0.000105630083447766,2.84802916381864e-05,4.39908499032201e-05,0,0,0,4.15673668458682e-05,8.73820342537574e-05,0,0,3.67904050623597e-05,6.60414740457007e-05,0,0,0,0,0,0,0
"hsa-miR-101-3p_5_GT",8.68960722975322e-05,0,0,0,0,0,4.51283902703191e-05,0,0.00136986301369863,0,0,0,0,0,0,0,0,0,0,0,0,0,0,0,0,0,0.000237586124970302,0.000108119796734782,0,0,0,0,0,0,0,0,0,0,0,0,0
"hsa-miR-432-5p_5_GT",0,0,0,0,4.062398440039e-05,3.20728695596395e-05,6.00925425154738e-05,1.67982529816899e-05,0.000189627382193989,0,0,0,3.69535493884188e-05,0,0,0,0,0,0,0.000148323939483833,0,9.9403578528827e-05,0,0,4.39908499032201e-05,4.44721159832785e-05,0,0,0,0,0,0,3.67904050623597e-05,6.60414740457007e-05,0,0,0,0,0.000193685841564982,0,0
"hsa-miR-3168_3_GT",0,0,0,2.26922029590633e-05,0.0007627765064836,0.000684931506849315,0,6.8413959184232e-06,0,0,0,0.000115180833909237,1.22676807949457e-05,0,8.0360012857602e-05,0,0,0,0,0,0,0,0.000207900207900208,0,0,0,0,0,0.000421052631578947,0,0,0.000105485232067511,0,0,0.000471238729540385,0,0.000652315720808871,0.000306560392397302,0,0.000646994773831572,0
"hsa-miR-423-5p_6_GT",0.0100293164635087,1.54619250096637e-05,0,2.5997660210581e-05,1.20568116967149e-05,2.11789622308507e-05,3.58022997010508e-05,8.36722057666884e-06,1.22875784869076e-05,2.31864702308909e-05,2.81737758494393e-05,2.18760938046902e-05,1.10526548476944e-05,0,8.59978328546121e-06,5.79700063187307e-06,3.15059861373661e-05,9.07765365347192e-05,2.4340020348257e-05,0,1.3841979956813e-05,0,0,5.25582739862823e-05,2.57014900438853e-05,7.93361153864462e-06,8.16239909234122e-06,3.1022982859802e-05,2.30729740486724e-05,0,1.13642174883943e-05,2.24774663399942e-05,8.81950875336244e-06,1.59726037899794e-05,0,0,5.43271581463574e-05,0,2.97694357203459e-05,2.97605761647546e-05,2.60912672528505e-05
"hsa-miR-125b-5p_6_GT",0.0194871794871795,0,0,0,0,0,0,0,0,0,0,0,0,0,0,0,0,0,0,0,0,0,0,0,0,0,0,0,0,0,0,0,0,0,0,0,0,0,0,0,0
"hsa-let-7f-5p_4_GT",0,8.88936985962525e-05,5.81422391739151e-06,0,1.73525897500731e-05,1.59594311260775e-05,2.92772984975579e-05,1.02588904277225e-05,7.43593938222216e-06,1.60892955905274e-05,1.55431555714441e-05,0,1.12782484880098e-05,7.83447324919109e-06,8.76851471882881e-06,5.00786234387989e-06,9.52984509236802e-06,3.75839531553608e-06,5.97379415977988e-05,1.79312372912356e-05,0,1.8350980859927e-05,0,6.91538063638099e-06,0,1.85829689744059e-05,2.38219209316413e-05,8.45776824869222e-06,1.11432837714358e-05,5.70292873905394e-06,1.12387963249136e-05,8.41119530094556e-05,2.88669019319174e-05,8.63243699862498e-05,7.28279076542131e-05,1.98326127484035e-05,0,3.14445632350167e-05,1.68739348328637e-05,0,2.66386073336086e-05
"hsa-miR-146a-5p_4_GT",0,0.000247261578023391,6.86205216532056e-06,0,0,0,0.000142941501776224,5.55120710998607e-06,0,2.38737555804904e-05,0,0,3.074179962495e-05,0,8.30323410968572e-06,8.46302925669214e-06,1.87322044058145e-05,4.35303079769289e-05,0.000177723363710864,0.00023872045834328,0,0,0,2.95269778153973e-05,7.49091726281883e-05,8.24599450816766e-06,2.7811769941039e-05,0,0.000197109916244442,0,3.15501205214604e-06,9.00446621524276e-06,2.84511209741664e-05,3.92187622558632e-05,0,0,0,0,0,0,0
"hsa-miR-1307-3p_6_GT",0.00240302094061105,0,0,0,0,0,0,0,0,0,0,0,0,0,0,0,0,0,0,0,0,0,0,0,0,0,0,0,0,0,0,0,0,0,0,0,0,0,0,0,0
"hsa-miR-143-3p_7_GT",0.00541484716157205,0.000248015873015873,0,0,0,0.00202778820878708,1.74447003000488e-05,0,0,0,0,0,0,0,0,0,0,0,3.1511943026407e-05,0,0,0,0,0,0,0,0,0,0,0,0,0.000207296849087894,0,0,0,0,0,0,0,0,0
"hsa-miR-191-5p_6_GT",0.0098743047558376,0,9.70977483032169e-06,0,0,0,0,0,0,0,0,0,4.30691043779745e-05,0,0,1.14541633020062e-05,0,0,1.12186858431403e-05,2.04185809086269e-05,0,0,0,0,0,0,0,2.79111309590265e-05,0,0,1.18619740697247e-05,3.71188359533045e-05,0,0,0,0,0,0,0.000119717466778403,0,0
"hsa-miR-15a-5p_6_GT",0,0,0,0,0,0,0,0,0,0,0,0,0,0,0,0,0,0,0,0,0,0,0,0,0,0,0,0,0,0,0,0.00092678405931418,0,0,0,0,0,0,0,0,0
"hsa-miR-195-5p_6_GT",0.000166112956810631,0,0,0,0,0,0,0,0,0,0,0,0,0,0,0,0,0,0,0,0,0,0,0,0,0,0,0,7.1448985424407e-05,0,0,0,0,0,0,0,0,0,0,0,0
"hsa-miR-493-3p_6_GT",0,0,0,0,0,0,0,0,0,0,0,0,0,0,0,0,0,0,0,0,0,0,0,0,0,0,0,0,0,0,0,0,0,0,0,0,0,0,0,0,0
"hsa-miR-143-3p_4_GT",0,0,0,0,0,0,0,0,0,0,0,0,0,0,0,0,0,0,0,0,0,0,0,0,0,0,0,0,0,0,0,0,0,0,0,0,0,0,0,0,0
"hsa-miR-15a-5p_3_GT",0,0,0,0,0,0,0,0,0,0,0,0,0,0,0,0,0,0,0,0,0,0,0,0,0,0,0,0,0,0,0,0,0,0,0,0,0,0,0,0,0
"hsa-miR-10a-5p_7_GT",0,0,0,0,0,0,0,0,0,0,0,0,0,0,0,0,0,0,0,0,0,0,0,0,0,0,0,0,0,0,0,0,0,0,0,0,0,0,0,0,0
"hsa-miR-17-5p_7_GT",0.000977039570102589,0,0,0,0,0,0,0,0,0,0,0,0,0,0,0,0,0,0,0,0,0,0,0,0,0,0,0,0,0,0,0,0,0,0,0,0,0,0,0,0
"hsa-miR-196a-5p_7_GT",0,0,0,0,0,0,0,0,0,0,0,0,0,0,0,0,0,0,0,0,0,0,0,0,0,0,0,0,0,0,0,0,0,0,0,0,0,0,0,0,0
"hsa-miR-339-3p_6_GT",0,0,0,0,0,0,0,0,0,0,0,0,0,0,0,0,0,0,0,0,0,0,0,0,0,0,0,0,0,0,0,0,0,0,0,0,0,0,0,0,0
"hsa-miR-22-3p_6_GT",0.000303306035790112,0,0,0,0,0,0,0,0,0,0,0,0,0,0,0,0,0,0,0,0,0,0,0,0,0,0,0,0.000838926174496644,0,0,0,0,0,0,0,0,0,0,0,0
"hsa-miR-6852-5p_7_GT",0,0,0,0,0,0,0,0,0,0,0,0,0,0,0,0,0,0,0,0,0,0,0,0,0,0,0,0,0,0,0,0,0,0,0,0,0,0,0,0,0
"hsa-miR-152-3p_6_GT",0.000844238075137189,0,0,0,0,0,0,0,0,0,0,0,0,0,0,0,0,0,0,0,0,0,0,0,0,0,0,0,0,0,0,0,0,0,0,0,0,0,0,0,0
"hsa-miR-6852-5p_6_GT",0,0,0,0,0,0,0,0,0,0,0,0,0,0,0,0,0,0,0,0,0,0,0,0,0,0,0,0,0,0,0,0,0,0,0,0,0,0,0,0,0
"hsa-miR-483-5p_6_GT",0,0,0,0,0,0,0,0,0,0,0,0,0,0,0,0,0,0,0,0,0,0,0,0,0,0,0,0,0,0,0,0,0,0,0,0,0,0,0,0,0
"hsa-miR-483-5p_7_GT",0,0,0,0,0,0,0,0,0,0,0,0,0,0,0,0,0,0,0,0,0,0,0,0,0,0,0,0,0,0,0,0,0,0,0,0,0,0,0,0,0
"hsa-miR-423-3p_7_GT",0.000215749730312837,0,0,0,0,0,0,0,0,0,0,0,0,0,0,0,0,0,0,0,0,0,0,0,0,0,0,0,0,0,0,0,0,0,0,0,0,0,0,0,0
"hsa-miR-148a-3p_6_GT",0.0016909233649375,0,0,0,0,0,1.18576137738042e-05,1.17669208321566e-05,0,0,0,0,0,0,0,0,0,0,8.17287260126189e-06,0,0,0,0,0,0,0,0,0,4.36633555288724e-05,0,0,0,0,0,0,0,0,0,0,0,0
"hsa-miR-20a-5p_7_GT",0.000140904607580668,0,0,0,0,0,8.48104486472733e-05,0,0,0,0,0,0,0,0,0,0,0,7.30887297178775e-05,0,0,0,0,0,0,0.000195121951219512,0,0,0,0,0,0,0,0.000448631673396142,0,0,0,0,0,0,0
"hsa-miR-9-5p_7_GT",0,0,0,0,0,0,0,0,0,0,0,0,0,0,0,0,0,0,0,0,0,0,0,0,0,0,0,0,0,0,0,0,0,0,0,0,0,0,0,0,0
"hsa-miR-744-5p_7_GT",0.000730104648332928,0,0,0,0,0,0,0,0,0,0,0,5.05305709954522e-05,0,0,0,0,0,0,0,0,0,0,9.27213722763097e-05,0,0,0,0,0,0,2.58124467618286e-05,0,0,0,0,0,0,0,0,0,0
"hsa-miR-382-5p_7_GT",0,0,0,0,0,0,0,0,0,0,0,0,0,0,0,0,0,0,0,0,0,0,0,0,0,0,0,0,0,0,0,0,0,0,0,0,0,0,0,0,0
"hsa-miR-206_7_GT",0.000847457627118644,0,0,0,0,0,0,0,0,0,0,0,0,3.31873091729723e-05,0,0,0,0,0,0,0,0,0,0,0,0,0,0,0,0,0,0,0,0,0,0,0,0,0,0,0
"hsa-miR-30e-3p_7_GT",0,0,0,0,0,0,0,0.00015951507417451,0,0,0,0,0,0,0,0,0,0,0,0,0,0,0,0,0,0,0,0,0,0,0,0,0,0,0,0,0,0,0,0,0
"hsa-miR-99b-5p_6_GT",0,0,0,0,0,0,0,0,0,0,0,0,0,0,0,0,0,0,0,0,0,0,0,0,0,0,0,0,0,0,0,0,0,0,0,0,0,0,0.000756715853197125,0,0
"hsa-miR-339-5p_6_GT",0,0,0.000156519017060573,0,0,0,0,0,0,0,0,0,0,0,0,0,0,0,0,0,0,0,0,0,0,0,0,0,0,0,0,0,0,0,0,0,0,0,0,0,0
"hsa-miR-93-5p_7_GT",0.000509002990392569,0.000145131561760736,3.66405053458497e-06,0,0.000371828632842146,0.000272233848876185,9.78278592003478e-05,4.82562600433341e-06,5.59211139485899e-05,0,1.67667080245465e-05,0,7.84713775650332e-06,0,0.000438280244871414,1.09313511149978e-05,1.02595670462706e-05,8.27985924239288e-06,8.12515996408679e-06,0,6.14062020264047e-05,0,0,7.42875820877782e-06,0,1.25112601341207e-05,0,6.66160384774238e-06,0.000295401426907053,0,6.28173059165108e-06,4.77621064999451e-06,9.31753700226882e-06,2.17261419803378e-05,0,0,5.81429152857724e-05,0,0,0,0
"hsa-miR-451a_6_GT",0.000232612235403582,0,0,0,0,0,0,0,0,0.00114025085518814,0,0,0,0,0,0,0,0,0,0,0,0,0,0,0,0,0,0,0,0,0,0,0,0,0,0,0,0,0,0,0
"hsa-miR-223-3p_6_GT",0.000247633722209993,0.000518758300132802,0,0,0,0,7.9220261374049e-05,3.26958727999765e-06,1.66489078316462e-05,1.2357960689327e-05,0,0,2.80867318278845e-05,0,0.000245600546728174,0,0,5.53535152249844e-06,0.000286536573443959,0,0,7.07063565014495e-05,0,0.0020551350754102,0,4.36326826245931e-06,1.98759739227222e-05,1.82423496146304e-05,0.000198879644668368,0.000389265056607911,0.000227180146021997,0,0,5.9606596463342e-05,0,0,0,0,4.80422772039395e-05,0,0
"hsa-miR-26a-5p_6_GT",0.000146659822541615,0,0,0,0,0,3.65232762839758e-06,1.14682844593277e-05,0,0,0,0,0,0,2.23999283202294e-05,0,4.75511174512601e-05,0,0,0,0,0,0,0,0,0,0,9.12200684150513e-05,0,1.68384185357311e-05,0,0,0,0,0,0,0,0,0,0,0
"hsa-miR-423-5p_7_GT",0.000771485881808363,0.000185543100115964,5.43699877667528e-06,2.5997660210581e-05,0,7.05965407695023e-06,1.79011498505254e-05,1.67344411533377e-05,3.68627354607228e-05,4.63729404617817e-06,0,2.18760938046902e-05,0.00153631902382952,1.51915656427551e-05,3.43991331418448e-05,5.79700063187307e-06,6.30119722747322e-06,1.13470670668399e-05,0.000394308329641764,0,6.92098997840651e-05,6.9243172128634e-05,1.95821176101984e-05,1.97093527448559e-05,2.57014900438853e-05,2.38008346159339e-05,8.16239909234122e-06,3.61934800031023e-05,1.73047305365043e-05,7.24333251242232e-06,1.13642174883943e-05,1.12387331699971e-05,8.81950875336244e-06,9.58356227398766e-06,7.95798185580137e-05,1.20935069960938e-05,0,3.0298439630359e-05,0,1.48802880823773e-05,2.60912672528505e-05
"hsa-miR-1-3p_7_GT",0.000200682319887618,0.000236082912318806,0,0,0,3.8587690526722e-05,0,0,0,0,0,1.98349730244367e-05,0,0,0,0,0,0.000198632274907068,0,0,0,0,0,0,3.5819184755355e-05,0,0,0,0.00143609382479655,0,0,0,0,0,0,0,0,0,1.50788624506167e-05,0,0
"hsa-miR-584-5p_6_GT",0,0,0,0,0,0,0,0,0,0,0,0,0,0,0,0,0,0,0,0,0,0,0,0,0,0,0,0,0,0,0,0,0,0,0,0,0,0,0,0,0
"hsa-miR-26b-5p_6_GT",0.000183122234091256,0,0,0,0,0,1.16184051028035e-05,0,0,0,0,0,2.54355843825512e-05,0,0,2.2242982339072e-05,0,1.45947050410111e-05,2.03228281247618e-05,0.000301939964270438,0,0.000155714730613516,0,2.77700638711469e-05,0,0,0,0,6.18651093156482e-06,2.00465078983241e-05,0,0,0,4.30997327816568e-05,0,0,0,0,0,0,0
"hsa-miR-122-5p_7_GT",0.000127705765915331,0,0,0,0,0,0,0,0,0,0,6.28492059002835e-06,1.33125657307933e-05,2.21631205673759e-05,0,9.02551513127612e-06,0,0,0,2.25947851235935e-05,0,0,0,0,0,0,4.3964257059011e-06,0,0,0,0,0,0,3.43534002995616e-06,0,0,0,0,0,0,0
"hsa-miR-16-5p_6_GT",0.00107426770751271,0.000144602490704126,0.000128641331137213,0.000244545236737965,1.71206166465658e-05,0.000196600001718907,7.258557839693e-05,2.51101466239408e-05,2.89173150686063e-05,1.6468465633057e-05,2.35840315891257e-05,0.000333134418289369,1.31518009042803e-05,2.13328782319311e-05,1.52542734847167e-05,1.66869263066826e-05,2.86141454027799e-05,0.000126876706532808,0.000185180827543448,1.79259255939643e-05,3.18343594608533e-06,4.48657840071426e-05,2.60930178811724e-05,1.02695763799743e-05,1.75112947851364e-05,1.96341559191004e-05,0.000165120042270731,2.17398984203246e-05,2.38945567346381e-05,2.06926520392609e-05,0.000287756257838779,0.000115752224096306,5.3020261314145e-05,1.7287483239785e-05,5.28569163275015e-05,5.45549272646432e-06,1.72293781572835e-05,2.75049251006508e-05,7.66158278084809e-06,5.54708084870337e-06,2.1373382302127e-05
